Name,SKU,Expected QTY
"Black and Ivory Salt and Pepper X-Large Cowhide Rug, 7'7"" x 6'4"" #10924",VO10410924,1
"Grey Salt and Pepper X-Large Cowhide Rug, 7'2"" x 6'11"" #94220",VO10494220,1
"Black and White Salt and Pepper X-Large Cowhide Rug, 7'6"" x 6'6"" #55471",VO10555471,1
"Bold Black and White X-Large Cowhide Rug, 7'8"" x 6'7"" #11009",VO10411009,1
"Black and White XX-Large Cowhide Rug, 7'11"" x 6'10"" #67548",VO10467548,1
"Black Salt and Pepper X-Large Cowhide Rug, 7'3"" x 6'9"" #55694",VO10555694,1
"Charcoal Salt and Pepper X-Large Cowhide Rug, 7'4"" x 6'7"" #10920",VO10410920,1
"Ivory X-Large Cowhide Rug, 7'10"" x 5'11"" #55564",VO10555564,1
"Brindle Brown Salt and Pepper X-Large Cowhide Rug, 7'7"" x 6'2"" #55977",VO10555977,1
"Black and White Speckled XX-Large Cowhide Rug, 8'0"" x 7'1"" #55672",VO10555672,1
"Black and Brown Salt and Pepper X-Large Cowhide Rug, 7'1"" x 5'11"" #55571",VO10555571,1
"Charcoal Salt and Pepper XX-Large Cowhide Rug, 8'4"" x 6'11"" #94231",VO10494231,1
"Black and White Salt and Pepper X-Large Cowhide Rug, 7'3"" x 6'11"" #87474",VO10487474,1
"Black and White Salt and Pepper X-Large Cowhide Rug, 7'2"" x 6'4"" #55616",VO10555616,1
"Grey Salt and Pepper X-Large Cowhide Rug, 6'11"" x 6'4"" #87358",VO10487358,1
"Black and White XX-Large Cowhide Rug, 8'5"" x 6'11"" #87422",VO10487422,1
"Grey Salt and Pepper X-Large Cowhide Rug, 7'8"" x 6'4"" #87486",VO10487486,1
"Ivory Salt and Pepper X-Large Cowhide Rug, 7'4"" x 6'0"" #87420",VO10487420,1
"Black and White Salt and Pepper X-Large Cowhide Rug, 7'10"" x 6'7"" #87354",VO10487354,1
"Grey Salt and Pepper X-Large Cowhide Rug, 7'5"" x 6'0"" #10956",VO10410956,1
"Pale Grey Salt and Pepper XX-Large Cowhide Rug, 8'6"" x 7'4"" #87462",VO10487462,1
"Grey Salt and Pepper X-Large Cowhide Rug, 7'1"" x 6'7"" #55588",VO10555588,1
"Grey Salt and Pepper X-Large Cowhide Rug, 7'6"" x 6'2"" #56112",VO10556112,1
"Black and White Salt and Pepper X-Large Cowhide Rug, 7'7"" x 6'3"" #55790",VO10555790,1
"Grey Salt and Pepper X-Large Cowhide Rug, 7'7"" x 5'9"" #87433",VO10487433,1
"Black and White Salt and Pepper X-Large Cowhide Rug, 7'1"" x 6'7"" #56022",VO10556022,1
"Black and White Salt and Pepper XX-Large Cowhide Rug, 8'1"" x 7'3"" #87411",VO10487411,1
"Black and White Salt and Pepper X-Large Cowhide Rug, 6'11"" x 6'3"" #55795",VO10555795,1
"Black and Ivory Salt and Pepper X-Large Cowhide Rug, 7'11"" x 6'7"" #10909",VO10410909,1
"Black and White Salt and Pepper X-Large Cowhide Rug, 7'3"" x 6'4"" #10872",VO10410872,1
"Reddish Brown XX-Large Cowhide Rug, 7'9"" x 7'5"" #52872",VO10552872,1
"Chestnut Brown XX-Large Cowhide Rug, 8'6"" x 6'11"" #54408",VO10554408,1
"Ivory X-Large Cowhide Rug, 7'4"" x 6'8"" #88184",VO10588184,1
"Golden Tan Salt and Pepper X-Large Cowhide Rug, 7'7"" x 6'8"" #94338",VO10494338,1
"Brown Salt and Pepper X-Large Cowhide Rug, 7'0"" x 6'6"" #54053",VO10554053,1
"Golden Tan Speckled X-Large Cowhide Rug, 6'11"" x 6'11"" #94536",VO10494536,1
"Ivory X-Large Cowhide Rug, 8'5"" x 6'8"" #94503",VO10494503,1
"Honey Tan Speckled X-Large Cowhide Rug, 7'2"" x 6'8"" #00761",VO10600761,1
"Golden Tan Salt and Pepper X-Large Cowhide Rug, 7'8"" x 7'0"" #53293",VO10553293,1
"Espresso Brown Salt and Pepper X-Large Cowhide Rug, 7'3"" x 6'4"" #88093",VO10588093,1
"Amber Tan Salt and Pepper X-Large Cowhide Rug, 7'0"" x 6'4"" #00637",VO10600637,1
"Tan Salt and Pepper X-Large Cowhide Rug, 7'8"" x 6'3"" #52938",VO10552938,1
"Ivory XX-Large Cowhide Rug, 7'9"" x 7'0"" #00769",VO10600769,1
"Chocolate Brown X-Large Cowhide Rug, 7'4"" x 6'6"" #54037",VO10554037,1
"Ivory Speckled X-Large Cowhide Rug, 7'11"" x 6'6"" #94264",VO10494264,1
"Ivory Speckled X-Large Cowhide Rug, 7'7"" x 6'7"" #94520",VO10494520,1
"Frosted Charcoal Brown XX-Large Cowhide Rug, 8'0"" x 6'11"" #88068",VO10588068,1
"Tricolor XX-Large Cowhide Rug, 7'11"" x 6'11"" #00645",VO10600645,1
"Ivory X-Large Cowhide Rug, 6'9"" x 6'4"" #54334",VO10554334,1
"Black and Gold Salt and Pepper X-Large Cowhide Rug, 7'5"" x 6'0"" #94528",VO10494528,1
"Brindle Salt and Pepper X-Large Cowhide Rug, 6'11"" x 6'8"" #94462",VO10494462,1
"Golden Tan Salt and Pepper X-Large Cowhide Rug, 7'7"" x 6'0"" #93901",VO10393901,1
"Grey and Brown Salt and Pepper X-Large Cowhide Rug, 7'7"" x 6'3"" #53401",VO10553401,1
"Grey Salt and Pepper XX-Large Cowhide Rug, 8'1"" x 6'11"" #53030",VO10553030,1
"Rich Amber Brindle X-Large Cowhide Rug, 7'3"" x 7'0"" #88086",VO10588086,1
"Grey and Brown Speckled XX-Large Cowhide Rug, 7'9"" x 7'3"" #94312",VO10494312,1
"Caramel Brown Speckled X-Large Cowhide Rug, 7'4"" x 7'4"" #52898",VO10552898,1
"Brindle Brown XX-Large Cowhide Rug, 7'10"" x 6'10"" #53377",VO10553377,1
"Golden Tan X-Large Cowhide Rug, 7'7"" x 7'7"" #52749",VO10552749,1
"Golden Tan Salt and Pepper X-Large Cowhide Rug, 7'4"" x 6'9"" #52981",VO10552981,1
"Black Brown Salt and Pepper X-Large Cowhide Rug, 7'6"" x 6'0"" #88069",VO10588069,1
"Chestnut Brown Salt and Pepper X-Large Cowhide Rug, 7'6"" x 6'7"" #00646",VO10600646,1
"Ivory XX-Large Cowhide Rug, 8'6"" x 7'2"" #54418",VO10554418,1
"Ivory X-Large Cowhide Rug, 7'4"" x 6'2"" #88143",VO10588143,1
"Reddish Brown Salt and Pepper X-Large Cowhide Rug, 7'6"" x 6'1"" #54046",VO10554046,1
"Black and Brown Speckled X-Large Cowhide Rug, 7'5"" x 6'7"" #80183",VO10480183,1
"Ivory X-Large Cowhide Rug, 7'6"" x 6'8"" #52890",VO10552890,1
"Golden Brown Salt and Pepper X-Large Cowhide Rug, 7'0"" x 6'8"" #52965",VO10552965,1
"Grey Speckled X-Large Cowhide Rug, 7'0"" x 7'0"" #53989",VO10553989,1
"Brindle X-Large Cowhide Rug, 7'5"" x 6'5"" #94534",VO10494534,1
"Beige Speckled XX-Large Cowhide Rug, 8'0"" x 6'11"" #77869",VO10477869,1
"Golden Tan Brindle X-Large Cowhide Rug, 7'7"" x 6'5"" #54220",VO10554220,1
"Frosted Chestnut Brown X-Large Cowhide Rug, 7'4"" x 6'11"" #00639",VO10600639,1
"Bold Golden Brown XX-Large Cowhide Rug, 7'11"" x 6'9"" #94353",VO10494353,1
"Rust Brown Speckled X-Large Cowhide Rug, 7'8"" x 6'11"" #94295",VO10494295,1
"Dark Brindle X-Large Cowhide Rug, 7'6"" x 6'4"" #94485",VO10494485,1
"Amber Gold X-Large Cowhide Rug, 7'5"" x 6'6"" #54353",VO10554353,1
"Brindle Salt and Pepper X-Large Cowhide Rug, 7'6"" x 7'6"" #94336",VO10494336,1
"Brindle Black and Tan XX-Large Cowhide Rug, 8'3"" x 6'10"" #52924",VO10552924,1
"Ivory X-Large Cowhide Rug, 7'5"" x 6'0"" #88088",VO10588088,1
"Chestnut Brown XX-Large Cowhide Rug, 8'3"" x 7'0"" #54221",VO10554221,1
"Grey Speckled X-Large Cowhide Rug, 7'1"" x 6'5"" #53932",VO10553932,1
"Ivory Speckled X-Large Cowhide Rug, 7'11"" x 6'4"" #53899",VO10553899,1
"Brindle Black and Gold X-Large Cowhide Rug, 7'7"" x 5'11"" #53866",VO10553866,1
"Light Beige Brindle X-Large Cowhide Rug, 7'1"" x 6'9"" #54378",VO10554378,1
"Caramel Tan Speckled X-Large Cowhide Rug, 7'6"" x 6'10"" #54486",VO10554486,1
"Frosted Espresso Brown X-Large Cowhide Rug, 7'10"" x 6'8"" #88038",VO10588038,1
"Ivory X-Large Cowhide Rug, 7'8"" x 6'1"" #54420",VO10554420,1
"Chocolate Brown XX-Large Cowhide Rug, 7'10"" x 6'9"" #53363",VO10553363,1
"Golden Brown Salt and Pepper XX-Large Cowhide Rug, 7'10"" x 7'2"" #94261",VO10494261,1
"Brindle Black and Brown X-Large Cowhide Rug, 7'1"" x 6'11"" #94517",VO10494517,1
"Ivory X-Large Cowhide Rug, 6'11"" x 6'11"" #94492",VO10494492,1
"Ivory XX-Large Cowhide Rug, 8'6"" x 6'10"" #52958",VO10552958,1
"Ivory X-Large Cowhide Rug, 7'4"" x 6'4"" #54461",VO10554461,1
"Solid Brown X-Large Cowhide Rug, 7'3"" x 7'2"" #54106",VO10554106,1
"Ivory X-Large Cowhide Rug, 7'1"" x 6'7"" #19143",VO10419143,1
"Ivory X-Large Cowhide Rug, 7'5"" x 6'7"" #54470",VO10554470,1
"Grey Speckled X-Large Cowhide Rug, 7'2"" x 7'0"" #53669",VO10553669,1
"Golden Brown Speckled XX-Large Cowhide Rug, 8'5"" x 6'9"" #94507",VO10494507,1
"Amber Brown Salt and Pepper X-Large Cowhide Rug, 8'0"" x 6'8"" #00633",VO10600633,1
"Golden Tan Salt and Pepper X-Large Cowhide Rug, 6'10"" x 6'6"" #52686",VO10552686,1
"Grey Salt and Pepper X-Large Cowhide Rug, 6'9"" x 6'6"" #53966",VO10553966,1
"Khaki Tan Brindle X-Large Cowhide Rug, 7'9"" x 6'7"" #54445",VO10554445,1
"Charcoal Salt and Pepper X-Large Cowhide Rug, 8'0"" x 6'8"" #00699",VO10600699,1
"Caramel Brown Brindle X-Large Cowhide Rug, 7'8"" x 6'5"" #54156",VO10554156,1
"Grey Taupe Salt and Pepper X-Large Cowhide Rug, 7'7"" x 6'7"" #54412",VO10554412,1
"Ivory X-Large Cowhide Rug, 7'10"" x 6'0"" #54346",VO10554346,1
"Ivory X-Large Cowhide Rug, 7'4"" x 7'0"" #54057",VO10554057,1
"Amber Brown Speckled X-Large Cowhide Rug, 7'6"" x 6'9"" #54520",VO10554520,1
"Pure Ivory X-Large Cowhide Rug, 7'0"" x 6'8"" #88039",VO10588039,1
"Black and White Salt and Pepper XX-Large Cowhide Rug, 7'10"" x 7'0"" #88006",VO10588006,1
"Grey Salt and Pepper XX-Large Cowhide Rug, 8'3"" x 7'1"" #94417",VO10494417,1
"Black and Brown Brindle X-Large Cowhide Rug, 7'5"" x 5'11"" #54421",VO10554421,1
"Ivory X-Large Cowhide Rug, 7'9"" x 6'0"" #53876",VO10553876,1
"Brindle Brown X-Large Cowhide Rug, 7'1"" x 7'0"" #94326",VO10494326,1
"Golden Tan Salt and Pepper X-Large Cowhide Rug, 6'11"" x 6'5"" #88097",VO10588097,1
"Ivory X-Large Cowhide Rug, 7'5"" x 7'0"" #88047",VO10588047,1
"Silver Grey X-Large Cowhide Rug, 7'8"" x 6'2"" #54330",VO10554330,1
"Ivory Speckled XX-Large Cowhide Rug, 7'9"" x 7'2"" #53637",VO10553637,1
"Caramel Brown Speckled XX-Large Cowhide Rug, 7'11"" x 6'11"" #94341",VO10494341,1
"Brown Salt and Pepper X-Large Cowhide Rug, 7'3"" x 6'8"" #00700",VO10600700,1
"Amber Gold X-Large Cowhide Rug, 7'4"" x 5'11"" #88189",VO10588189,1
"Golden Tan Salt and Pepper XX-Large Cowhide Rug, 8'0"" x 6'9"" #53513",VO10553513,1
"Pale Grey Speckled XX-Large Cowhide Rug, 8'0"" x 7'1"" #52952",VO10552952,1
"Ivory XX-Large Cowhide Rug, 8'0"" x 6'11"" #00708",VO10600708,1
"Caramel Brown Salt and Pepper XX-Large Cowhide Rug, 7'11"" x 7'1"" #53332",VO10553332,1
"Grey and Brown Speckled XX-Large Cowhide Rug, 8'2"" x 7'3"" #67016",VO10467016,1
"Dark Espresso X-Large Cowhide Rug, 8'0"" x 6'7"" #00650",VO10600650,1
"Brown Speckled Large Cowhide Rug, 6'4"" x 6'4"" #87132",VO10487132,1
"Ivory X-Large Cowhide Rug, 7'3"" x 6'9"" #54075",VO10554075,1
"Black and White X-Large Cowhide Rug, 7'11"" x 6'4"" #54265",VO10554265,1
"Golden Brown Salt and Pepper X-Large Cowhide Rug, 7'4"" x 6'8"" #52903",VO10552903,1
"Ivory X-Large Cowhide Rug, 7'10"" x 6'7"" #00660",VO10600660,1
"Sandy Amber Salt and Pepper X-Large Cowhide Rug, 7'8"" x 6'4"" #00693",VO10600693,1
"Amber Brown Salt and Pepper XX-Large Cowhide Rug, 7'11"" x 7'0"" #00759",VO10600759,1
"Ivory X-Large Cowhide Rug, 7'2"" x 6'8"" #54191",VO10554191,1
"Reddish Brown Speckled X-Large Cowhide Rug, 7'9"" x 6'4"" #52622",VO10552622,1
"Ivory Salt and Pepper X-Large Cowhide Rug, 7'4"" x 6'10"" #53134",VO10553134,1
"Black and White Speckled XX-Large Cowhide Rug, 7'11"" x 6'11"" #53902",VO10553902,1
"Golden Amber Speckled XX-Large Cowhide Rug, 7'10"" x 7'0"" #00734",VO10600734,1
"Chestnut Brown X-Large Cowhide Rug, 7'3"" x 6'6"" #54505",VO10554505,1
"Golden Tan X-Large Cowhide Rug, 7'9"" x 6'3"" #54423",VO10554423,1
"Ivory X-Large Cowhide Rug, 6'11"" x 6'5"" #88231",VO10588231,1
"Grey and Black Salt and Pepper X-Large Cowhide Rug, 7'11"" x 6'8"" #53878",VO10553878,1
"Reddish Brown X-Large Cowhide Rug, 7'10"" x 6'8"" #52928",VO10552928,1
"Golden Brown Salt and Pepper X-Large Cowhide Rug, 7'3"" x 6'4"" #54010",VO10554010,1
"Brown and Black Speckled XX-Large Cowhide Rug, 7'10"" x 7'1"" #80143",VO10480143,1
"Ivory X-Large Cowhide Rug, 7'10"" x 6'3"" #80176",VO10480176,1
"Tan Salt and Pepper X-Large Cowhide Rug, 7'7"" x 6'7"" #94512",VO10494512,1
"Warm Chestnut Brown X-Large Cowhide Rug, 7'1"" x 6'9"" #00702",VO10600702,1
"Charcoal Salt and Pepper X-Large Cowhide Rug, 7'10"" x 6'0"" #00669",VO10600669,1
"Charcoal X-Large Cowhide Rug, 7'10"" x 6'8"" #00768",VO10600768,1
"Dark Brindle X-Large Cowhide Rug, 7'8"" x 6'7"" #53524",VO10553524,1
"Tan Speckled X-Large Cowhide Rug, 7'0"" x 6'1"" #94455",VO10494455,1
"Ivory X-Large Cowhide Rug, 7'0"" x 6'7"" #94331",VO10494331,1
"Ivory Medium Cowhide Rug, 6'11"" x 5'8"" #52863",VO10552863,1
"Ivory X-Large Cowhide Rug, 7'2"" x 6'7"" #00718",VO10600718,1
"Black Salt and Pepper X-Large Cowhide Rug, 7'6"" x 6'6"" #00685",VO10600685,1
"Black and White Speckled X-Large Cowhide Rug, 7'5"" x 6'9"" #53210",VO10553210,1
"Taupe Brindle X-Large Cowhide Rug, 7'5"" x 6'4"" #54234",VO10554234,1
"Silvery Grey XX-Large Cowhide Rug, 8'0"" x 7'2"" #87480",VO10587480,1
"Grey Cloud XX-Large Cowhide Rug, 7'10"" x 7'3"" #87544",VO10587544,1
"Light Grey X-Large Cowhide Rug, 7'4"" x 6'10"" #87543",VO10587543,1
"Solid Grey XX-Large Cowhide Rug, 8'1"" x 7'0"" #72558",VO10572558,1
"Taupe Grey X-Large Cowhide Rug, 7'5"" x 6'6"" #87572",VO10587572,1
"Grey XX-Large Cowhide Rug, 7'9"" x 7'0"" #87570",VO10587570,1
"Grey Taupe Brindle XX-Large Cowhide Rug, 7'9"" x 7'1"" #66743",VO10566743,1
"Dark Brown Brindle X-Large Cowhide Rug, 7'1"" x 6'11"" #87501",VO10587501,1
"Slate Grey XX-Large Cowhide Rug, 8'4"" x 6'11"" #87580",VO10587580,1
"Soft Grey XX-Large Cowhide Rug, 7'9"" x 6'11"" #87578",VO10587578,1
